epoch,trainingAccuracy,stdTrainingAccuracy,testingAccuracy,stdTestingAccuracy
0,0.575,0.18708286933869706,0.3,0.39999999999999997
1,0.675,0.203100960115899,0.3,0.24494897427831783
2,0.75,0.1767766952966369,0.3,0.24494897427831783
3,0.75,0.1767766952966369,0.3,0.24494897427831783
4,0.775,0.2,0.4,0.2
5,0.8,0.18708286933869706,0.5,0.31622776601683794
6,0.8,0.18708286933869706,0.5,0.31622776601683794
7,0.825,0.18708286933869706,0.5,0.31622776601683794
